-- --------------------------------------------------------
-- Host:                         127.0.0.1
-- Server version:               10.10.2-MariaDB-1:10.10.2+maria~ubu2204 - mariadb.org binary distribution
-- Server OS:                    debian-linux-gnu
-- HeidiSQL Version:             12.2.0.6576
-- --------------------------------------------------------

/*!40101 SET @OLD_CHARACTER_SET_CLIENT=@@CHARACTER_SET_CLIENT */;
/*!40101 SET NAMES utf8 */;
/*!50503 SET NAMES utf8mb4 */;
/*!40103 SET @OLD_TIME_ZONE=@@TIME_ZONE */;
/*!40103 SET TIME_ZONE='+00:00' */;
/*!40014 SET @OLD_FOREIGN_KEY_CHECKS=@@FOREIGN_KEY_CHECKS, FOREIGN_KEY_CHECKS=0 */;
/*!40101 SET @OLD_SQL_MODE=@@SQL_MODE, SQL_MODE='NO_AUTO_VALUE_ON_ZERO' */;
/*!40111 SET @OLD_SQL_NOTES=@@SQL_NOTES, SQL_NOTES=0 */;


-- Dumping database structure for project
CREATE DATABASE IF NOT EXISTS `project` /*!40100 DEFAULT CHARACTER SET utf8mb4 COLLATE utf8mb4_general_ci */;
USE `project`;

-- Dumping structure for table project.category
CREATE TABLE IF NOT EXISTS `category` (
  `category_id` int(11) NOT NULL AUTO_INCREMENT,
  `category_name` varchar(1000) NOT NULL,
  PRIMARY KEY (`category_id`)
) ENGINE=InnoDB AUTO_INCREMENT=6 DEFAULT CHARSET=utf8mb4 COLLATE=utf8mb4_general_ci;

-- Dumping data for table project.category: ~2 rows (approximately)
INSERT INTO `category` (`category_id`, `category_name`) VALUES
	(1, 'จิตรกรรม'),
	(2, 'ประติมากรรม'),
	(3, 'สถาปัตยกรรม'),
	(4, 'test'),
	(5, 'test');

-- Dumping structure for table project.performance
CREATE TABLE IF NOT EXISTS `performance` (
  `performance_id` int(11) NOT NULL AUTO_INCREMENT,
  `performance_name` varchar(1000) NOT NULL,
  `performance_sculptute` varchar(1000) NOT NULL,
  `performance_location` varchar(1000) NOT NULL,
  `performance_image` varchar(1000) DEFAULT NULL,
  `performance_type` varchar(1000) DEFAULT NULL,
  `performance_size` varchar(100) DEFAULT NULL,
  `category_id` int(11) DEFAULT NULL,
  PRIMARY KEY (`performance_id`)
) ENGINE=InnoDB AUTO_INCREMENT=156 DEFAULT CHARSET=utf8mb4 COLLATE=utf8mb4_general_ci;

-- Dumping data for table project.performance: ~154 rows (approximately)
INSERT INTO `performance` (`performance_id`, `performance_name`, `performance_sculptute`, `performance_location`, `performance_image`, `performance_type`, `performance_size`, `category_id`) VALUES
	(1, 'ชื่ออนุสาวรีย์ : พระบรมรูปหล่อจำลอง รัชกาลที่ 5', 'ประติมากร : อาจารย์สัมพันธ์ อุทธโยธา ', 'ตำแหน่งที่ตั้งของประติมากรรม : กระทรวงการคลัง จังหวัดกรุงเทพมหานคร ', 'https://drive.google.com/uc?id=1B4mAtxdZnnMBR0L11RHC5D9fr0hyOyeE', NULL, NULL, 2),
	(2, 'ชื่ออนุสาวรีย์ : พระบรมราชานุสาวรีย์พ่อขุนศรีอินทราทิตย์ ', 'ประติมากร : อาจารย์ภราดร เชิดชู', 'ตำแหน่งที่ตั้งของประติมากรรม : สวนสาธารณะสวนไทย ', 'https://drive.google.com/uc?id=1ktFUCbT7VeVHeMvORTYGren6vfW7xCCo', NULL, NULL, 2),
	(3, 'ชื่ออนุสาวรีย์ : สมเด็จพระศรีนครินทราบรมราชชนนี ', 'ประติมากร : อาจารย์ภราดร เชิดชู ', 'ตำแหน่งที่ตั้งของประติมากรรม : สวนสุขภาพเฉลิมพระเกียรติสมเด็จย่า จังหวัดสุรินทร์ ', 'https://drive.google.com/uc?id=1dIky4b1DkiNmd3_0D28QaU4VdFPqTd7v', NULL, NULL, 2),
	(4, 'ชื่ออนุสาวรีย์ :พระบาทสมเด็จพระจุลจอมเกล้าเจ้าอยู่หัว ', 'ประติมากร : อาจารย์กองเกตุ ชนะพันธุ์ ', 'ตำแหน่งที่ตั้งของประติมากรรม : การไฟฟ้าส่วนภูมิภาคผาเสด็จ จังหวัดสระบุรี ', 'https://drive.google.com/uc?id=1mOvG38mjfEolYqn3gXIdYYuDU2dyKCZL', NULL, NULL, 2),
	(5, 'ชื่ออนุสาวรีย์: สมเด็จพระมหิตลาธิเบศร อดุลยเดชวิกรม พระบรมราชชนก', 'ประติมากร : อาจารย์สัมพันธ์ อุทธโยธา', 'ตำแหน่งที่ตั้งของประติมากรรม : โรงพยาบาลเวชศาสตร์เขตร้อน จังหวัดกรุงเทพมหานคร ', NULL, NULL, NULL, 2),
	(6, 'ชื่ออนุสาวรีย์: พระบรมราชานุสาวรีย์พ่อขุนศรีอินทราทิตย์ ', 'ประติมากร : พันโท นพดล สุวรรณปินนะ ', 'ตำแหน่งที่ตั้งของประติมากรรม : อุทยานประวัติศาสตร์สุโขทัย ', 'https://drive.google.com/uc?id=1paj4UV1K5jbXj-QOX4bor7qXqB21vu0G', NULL, NULL, 2),
	(7, 'ชื่ออนุสาวรีย์: ประติมากรรมท้าวสุรนารี ', 'ประติมากร : อาจารย์ศิลป์ พีระศรี', 'ตำแหน่งที่ตั้งของประติมากรรม :ประตูชุมพล จังหวัดนครราชศรีมา สร้าง พ.ศ.2476 ติดตั้ง พ.ศ.2477', 'https://drive.google.com/uc?id=1Lqs-rr32iKSfPBUosbeHr8-XVDYOy5fs', NULL, NULL, 2),
	(8, 'ชื่ออนุสาวรีย์: พระบาทสมเด็จพระพุทธยอดฟ้าจุฬาโลกมหาราช รัลกาลที่1 ', 'ประติมากร : อาจารย์ประเทือง ธรรมรักษ์ ', 'ตำแหน่งที่ตั้งของประติมากรรม :เขาแก่นจันทน์ จังหวัดราชบุรี ', 'https://drive.google.com/uc?id=1JChJ_P3ZKFSel6bsbyL9-p3Fav-33dql', NULL, NULL, 2),
	(9, 'ชื่ออนุสาวรีย์: พ่อขุนผาเมือง ', 'ประติมากร : อาจารย์กองเกตุ ชนะพันธุ์ ', 'ตำแหน่งที่ตั้งของประติมากรรม : - ', 'https://drive.google.com/uc?id=1WdAUYvHoB3_MCvpjnFlYwOAA40CK-6Ii', NULL, NULL, 2),
	(10, 'ชื่ออนุสาวรีย์: พระบามสมเด็จพระพุทธเลิศหล้านภาลัย รัชกาลที่2 ', 'ประติมากร : อาจารย์สมควร อุ่นตระกูล', 'ตำแหน่งที่ตั้งของประติมากรรม : อุทยานพระบรมราชานุสรณ์ สมเด็จพระพุทธเลิศหล้านภาลัย จังหวัด สมุทรสงคราม ', NULL, NULL, NULL, 2),
	(11, 'ชื่ออนุสาวรีย์: สมเด็จพระพันวัสสาอัยยิกาเจ้า ', 'ประติมากร : อาจารย์สมควร อุ่นตระกูล, อาจารย์ภราดร เชิดชู', 'ตำแหน่งที่ตั้งของประติมากรรม : - ', 'https://drive.google.com/uc?id=1ZMRKCMcqW6p_6_Kuxg5mufb2wdOUML0Z', NULL, NULL, 2),
	(12, 'ชื่ออนุสาวรีย์: พระบาทสมเด็จพระจุลจอมเกล้าเจ้าอยู่หัว รัชกาลที่5 ', 'ประติมากร : อาจารย์มานพ อมรฤทธิโรท', 'ตำแหน่งที่ตั้งของประติมากรรม :โรงเรียนนายร้อยพระจุลจอมเกล้า จังหวัดนครนายก', 'https://drive.google.com/uc?id=1VqSd-fGc99m5oEs4FPoYlB0fl_DvUZ2g', NULL, NULL, 2),
	(13, 'ชื่ออนุสาวรีย์: พระบาทสมเด็จพระปกเกล้าเจ้าอยู่หัว รัชกาลที่7', 'ประติมากร : อาจารย์ศิลป์ พีระศรี', 'ตำแหน่งที่ตั้งของประติมากรรม : - ', 'https://drive.google.com/uc?id=1K3Wwy2LJp7gBdeKebxcGJ_vDuwsabe4x', NULL, NULL, 2),
	(14, 'ชื่ออนุสาวรีย์: พระบาทสมเด็จพระปรเมนทรมหาอานันทมหิดล พระอัฐมรามาธิบดินทร รัชกาลที่8 ', 'ประติมากร : อาจารย์ศิลป์ พีระศรี', 'ตำแหน่งที่ตั้งของประติมากรรม : โรงเรียนเทพศิรินทร์จังหวัดกรุงเทพมหานคร', 'https://drive.google.com/uc?id=1gl5FtG1WTZmCKiY7YGfZmPgnoWOu2baz', NULL, NULL, 2),
	(15, 'ชื่ออนุสาวรีย์: พระบาทสมเด็จพระมหาภูมิพลอดุลยเดชมหาราช รัชกาลที่9 ', 'ประติมากร : อาจารย์อาจารย์สนั่น ศิลากร', 'ตำแหน่งที่ตั้งของประติมากรรม : อาคารรัฐสภาไทย ถนนอู่ทองใน แขวงดุสิต เขตดุสิต กรุงเทพมหานคร', 'https://drive.google.com/uc?id=1gl5FtG1WTZmCKiY7YGfZmPgnoWOu2baz', NULL, NULL, 2),
	(16, 'ชื่ออนุสาวรีย์: พระบาทสมเด็จพระมงกุฎเกล้าเจ้าอยู่หัว รัชกาลที่6 ', 'ประติมากร : อาจารย์ศิลป์ พีระศรี ', 'ตำแหน่งที่ตั้งของประติมากรรม : - ', 'https://drive.google.com/uc?id=1MQDs889woHdk7OOsArZ7EdaGj1Kl_0k_', NULL, NULL, 2),
	(17, 'ชื่ออนุสาวรีย์: สมเด็จพระเจ้าตากสินมหาราช', 'ประติมากร : อาจารย์ศิลป์ พีระศรี ', 'ตำแหน่งที่ตั้งของประติมากรรม : วงเวียนใหญ่ เขตธนบุรี กรุงเทพมหานคร', NULL, NULL, NULL, 2),
	(18, 'ชื่ออนุสาวรีย์: พระบาทสมเด็จพระนั่งเกล้าเจ้าอยู่หัว รัชกาลที่3 ', 'ประติมากร : อาจารย์สุนทร สาระสงเคราะห์', 'ตำแหน่งที่ตั้งของประติมากรรม : วัดราชนัดดารามวรวิหาร กรุงเทพมหานคร ', NULL, NULL, NULL, 2),
	(19, '-', '-', '-', NULL, NULL, NULL, 2),
	(20, 'ชื่ออนุสาวรีย์: พระบาทสมเด็จพระจุลจอมเกล้าเจ้าอยู่หัว รัชกาลที่5 ', 'ประติมากร : อาจารย์กองเกตุ ชนะพันธุ์ ', 'ตำแหน่งที่ตั้งของประติมากรรม : ผาเสด็จ จังหวัดสระบุรี', 'https://drive.google.com/uc?id=1HLuwVPrpJZLasnhWMtxfgSrO2iZWKNAA', NULL, NULL, 2),
	(21, 'ชื่ออนุสาวรีย์: พระบาทสมเด็จพระพุทธยอดฟ้าจุฬาโลกมหาราช รัชกาลที่1 ', 'ประติมากร : อาจารย์ประสพฤกษ์ รัตนยงค์ ', 'ตำแหน่งที่ตั้งของประติมากรรม : - ', 'https://drive.google.com/uc?id=1Mrpc4l8FP5eI1glbxVEEgez4sCxlXGW7', NULL, NULL, 2),
	(22, 'ชื่ออนุสาวรีย์: สมเด็จพระเจ้าตากสินมหาราช ', 'ประติมากร : อาจารย์อัครายุทธ อยู่เย็น', 'ตำแหน่งที่ตั้งของประติมากรรม : - ', 'https://drive.google.com/uc?id=1yXU3KzKNGNyC0X78_WizpQWawBikRguV', NULL, NULL, 2),
	(23, 'ชื่ออนุสาวรีย์: พระนารายณ์มหาราช ', 'ประติมากร : อาจารย์พิทักษ์ เฉลิมเล่า', 'ตำแหน่งที่ตั้งของประติมากรรม : - ', 'https://drive.google.com/uc?id=1j_JOrxnYRat9f0vI3ub_ZYJ3LcArglC8', NULL, NULL, 2),
	(24, 'ชื่ออนุสาวรีย์: พ่อขุนรามคำแหง ', 'ประติมากร : อาจารย์พิทักษ์ เฉลิมเล่า', 'ตำแหน่งที่ตั้งของประติมากรรม : - ', 'https://drive.google.com/uc?id=1pGznNzX7ikYJrSRNIzTSg4UgktnOskhO', NULL, NULL, 2),
	(25, 'ชื่ออนุสาวรีย์: สมเด็จพระเจ้าตากสินมหาราช', 'ประติมากร : อาจารย์ภราดร เชิดชู ', 'ตำแหน่งที่ตั้งของประติมากรรม : - ', 'https://drive.google.com/uc?id=1X5z2RvSA1B4hi-70_qZSmEbWvoBc1JUB', NULL, NULL, 2),
	(26, 'ชื่ออนุสาวรีย์: สมเด็จพระนเรศวรมหาราช', 'ประติมากร : อาจารย์ภราดร เชิดชู', 'ตำแหน่งที่ตั้งของประติมากรรม : - ', NULL, NULL, NULL, 2),
	(27, 'ชื่ออนุสาวรีย์: พระบาทสมเด็จพระจอมเกล้าเจ้าอยู่หัว รัชกาลที่4 ', 'ประติมากร : อาจารย์ภราดร เชิดชู ', 'ตำแหน่งที่ตั้งของประติมากรรม : - ', 'https://drive.google.com/uc?id=11LtgNhxtpiY1ISTXthlDvFfX74p9tQ4f', NULL, NULL, 2),
	(28, 'ชื่ออนุสาวรีย์: สมเด็จพระนารายณ์มหาราช ', 'ประติมากร : อาจารย์กิตติชัย ตรีรัตน์วิชชา ', 'ตำแหน่งที่ตั้งของประติมากรรม : ณ วัดพระนารายณ์พระอารามหลวง จังหวัดนครราชสีมา', 'https://drive.google.com/uc?id=1-sd0H6JO-_UsQB07NLjtb4BNqUo9yQs7', NULL, NULL, 2),
	(29, 'ชื่ออนุสาวรีย์: พระเจ้าบรมวงศ์เธอ กรมหลวงสรรพสิทธิประสงค์', 'ประติมากร : อาจารย์กิตติชัย ตรีรัตน์วิชชา', 'ตำแหน่งที่ตั้งของประติมากรรม : ณ โรงพยาบาลสรรพสิทธิประสงค์ จังหวัดอุบลราชธานี', NULL, NULL, NULL, 2),
	(30, '-', '-', '-', 'https://drive.google.com/uc?id=16bBHvWC0xSCpFrg9uZphu_BDcTLWlg-y', NULL, NULL, 2),
	(31, '-', '-', '-', 'https://drive.google.com/uc?id=1bisE8t3uIIo5tMk_GbI8TGhCrW-baS8a', NULL, NULL, 2),
	(32, '-', '-', '-', 'https://drive.google.com/uc?id=1gLEpdesoPJG3Ig3QhTRP9QQvZtmwYNMi', NULL, NULL, 2),
	(33, '-', '-', '-', 'https://drive.google.com/uc?id=1yCohr6VKHNtQMHrcpB0cjXoh_f6ssgOR', NULL, NULL, 2),
	(34, '-', '-', '-', 'https://drive.google.com/uc?id=1X4Jdo5raUeQGNLmgkhYvRsJkleKGHoXg', NULL, NULL, 2),
	(35, '-', '-', '-', 'https://drive.google.com/uc?id=1yg5x-MvkKLRGYzPu5eD3oM-kf9mTKU4Z', NULL, NULL, 2),
	(36, '-', '-', '-', 'https://drive.google.com/uc?id=1oOiM3T1eDSb-f6n8ajbhBjqs-LZXEh8Z', NULL, NULL, 2),
	(37, '-', '-', '-', 'https://drive.google.com/uc?id=1l1b5aVeDO1OUVyw8dFqXKFLynGk8EL-c', NULL, NULL, 2),
	(38, '-', '-', '-', 'https://drive.google.com/uc?id=1Ud2H6J0Nbk6Ws0kmOYFbJ-A_d1RBJeTd', NULL, NULL, 2),
	(39, '-', '-', '-', 'https://drive.google.com/uc?id=1DxwHWIUUdTmqoqp1mqsQO_ne4R__qJ1e', NULL, NULL, 2),
	(40, '-', '-', '-', 'https://drive.google.com/uc?id=1KEqyXJ-IDUbZuEVA_nFSBM77ZgsW9VTd', NULL, NULL, 2),
	(41, '-', '-', '-', 'https://drive.google.com/uc?id=1VC0EvBXzcmBnam99MyhPH_K5JL9JnhxI', NULL, NULL, 2),
	(42, '-', '-', '-', 'https://drive.google.com/uc?id=1sl2fSk7FrwMO7TmZ-CPWpONNUMpF759t', NULL, NULL, 3),
	(43, '-', '-', '-', 'https://drive.google.com/uc?id=18CVT73EXnFf9dzXBEivdIcH44nqV-tGq', NULL, NULL, 3),
	(44, '-', '-', '-', 'https://drive.google.com/uc?id=1w4UTs0c6893mILG-HONiFBTX6swAa3kp', NULL, NULL, 3),
	(45, '-', '-', '-', 'https://drive.google.com/uc?id=10w-O3f3Zv0kvOE78WTAu5NSUHJ3DKUcy', NULL, NULL, 3),
	(46, '-', '-', '-', 'https://drive.google.com/uc?id=16QyyhE2JKM5hswCvCFGpqFKM7w0THy0R', NULL, NULL, 3),
	(47, '-', '-', '-', 'https://drive.google.com/uc?id=1zXr2DGPdUkrUl9-wRHSNQqrCOyn-vHbK', NULL, NULL, 3),
	(48, '-', '-', '-', 'https://drive.google.com/uc?id=1U0au7Nz_o4-E5Olq0co8eeHl9F0-7_hS', NULL, NULL, 3),
	(49, '-', '-', '-', 'https://drive.google.com/uc?id=1T7tW_Llrl6ZLo6AmGs0FnSlaBACJ7hk0', NULL, NULL, 3),
	(50, '-', '-', '-', 'https://drive.google.com/uc?id=1gRJeNETxRlY3XqLVXEN1Xs6de7iA8CY0', NULL, NULL, 3),
	(51, '-', '-', '-', 'https://drive.google.com/uc?id=1YeYv2f9zzZ4v7V1bLeZ-l0mYYj6zffyc', NULL, NULL, 3),
	(52, '-', '-', '-', 'https://drive.google.com/uc?id=1copUMOiwBioK1bcW_s4ZI8WLWJBrq-Vr', NULL, NULL, 3),
	(53, '-', '-', '-', 'https://drive.google.com/uc?id=1hIPExTTxkFy02N_ZWjBKcXhZ05ku5-qd', NULL, NULL, 3),
	(54, '-', '-', '-', 'https://drive.google.com/uc?id=1Ghj8BtqepcYYn3c1T8PBJYRQcZFr6MxA', NULL, NULL, 3),
	(55, '-', '-', '-', 'https://drive.google.com/uc?id=1yV1zY7DiyXRtZM4BBP4fHfZb3lZvBVEe', NULL, NULL, 1),
	(56, '-', '-', '-', 'https://drive.google.com/uc?id=16KZSEocDou3cZ4pB07tCKQ8D5kAaka5X', NULL, NULL, 1),
	(57, '-', '-', '-', 'https://drive.google.com/uc?id=1kn7igYRyyfrn2bup0r1qX8Jr0VdKLQIK', NULL, NULL, 1),
	(58, '-', '-', '-', 'https://drive.google.com/uc?id=1L1Ch9Zce4OXab4mK7gqSCDxjbEA0YoKN', NULL, NULL, 1),
	(59, '-', '-', '-', 'https://drive.google.com/uc?id=16KD5sIVq2cgBzGk1icLY4NQsY7qdFeLz', NULL, NULL, 1),
	(60, '-', '-', '-', 'https://drive.google.com/uc?id=170KcvufpMzdUZmXWFdc73DxjOoqT5sAd', NULL, NULL, 1),
	(61, '-', '-', '-', 'https://drive.google.com/uc?id=1LblpkfjzjWg5rpe_I9Q-ggjDE1OTlRj3', NULL, NULL, 1),
	(62, '-', '-', '-', 'https://drive.google.com/uc?id=12jY695VqAGcmeAANaHKtbUhy9ZM8X3IT', NULL, NULL, 1),
	(63, '-', '-', '-', 'https://drive.google.com/uc?id=1lTgnbQwteg6T0OFBCaGpnrRRgmHyOgR1', NULL, NULL, 1),
	(64, '-', '-', '-', 'https://drive.google.com/uc?id=1MG5_eIAYTdiq7pkbtkRvdQ6IQuzF5rdZ', NULL, NULL, 1),
	(65, '-', '-', '-', 'https://drive.google.com/uc?id=17sGFahUerV62xBUJ2G0HeRFIzPWIdOvC', NULL, NULL, 1),
	(66, '-', '-', '-', 'https://drive.google.com/uc?id=106CNE9nH7nlFVOBy6GLUoZti0I_6hER0', NULL, NULL, 1),
	(67, '-', '-', '-', 'https://drive.google.com/uc?id=16_liZ0qSMUAdUa0EPZKRPcgIvyl_GZyh', NULL, NULL, 1),
	(68, '-', '-', '-', 'https://drive.google.com/uc?id=1U_k8wtWBTThh_WpXkqMBMuVgwdM7bpdi', NULL, NULL, 1),
	(69, '-', '-', '-', 'https://drive.google.com/uc?id=1sszaIRfDGAUkHTVmmtn82a3DHpiMb31a', NULL, NULL, 1),
	(70, '-', '-', '-', 'https://drive.google.com/uc?id=1yjUOvU91Mc2jHlqV5DyuMLH_YYcWUo2L', NULL, NULL, 1),
	(71, '-', '-', '-', 'https://drive.google.com/uc?id=1MB7kkuW50V_80NEccVMB9gKGUiC2cmH5', NULL, NULL, 1),
	(72, '-', '-', '-', 'https://drive.google.com/uc?id=1LX-kJ_IrwQyhXkUgbejtNO8bpgPjs2sC', NULL, NULL, 1),
	(73, '-', '-', '-', 'https://drive.google.com/uc?id=1MlD6Iy7TJiQ-SQ7owujzvVE2x1LQ0G_z', NULL, NULL, 1),
	(74, '-', '-', '-', 'https://drive.google.com/uc?id=1nOlwryWvzYsbJ1OZ8Gd2v3cMMEDt_CYW', NULL, NULL, 1),
	(75, '-', '-', '-', 'https://drive.google.com/uc?id=1fYWOQXd5zdRE-9USymykMTrDKO-Z2abz', NULL, NULL, 1),
	(76, '-', '-', '-', 'https://drive.google.com/uc?id=1bXd34vFwXf-DzaHlV4buekHgPHHsi85X', NULL, NULL, 1),
	(77, '-', '-', '-', 'https://drive.google.com/uc?id=1uMwuLjxMOZluWLEKQgfPS9ZMt84tCyO8', NULL, NULL, 1),
	(78, '-', '-', '-', 'https://drive.google.com/uc?id=1DslxcKwjnR5gQLtl5QPtBoKFBOe1CfXr', NULL, NULL, 1),
	(79, '-', '-', '-', 'https://drive.google.com/uc?id=1JzHqX7PC24PhXWR-YCXBjkElxuRlPJlp', NULL, NULL, 1),
	(80, '-', '-', '-', 'https://drive.google.com/uc?id=11NwWeWXBMN5etVGTug9MK4m7-s6u2ogZ', NULL, NULL, 1),
	(81, '-', '-', '-', 'https://drive.google.com/uc?id=11YqLzHsEdCG4nKSEHHyDSXdIi6XGmNev', NULL, NULL, 1),
	(82, '-', '-', '-', 'https://drive.google.com/uc?id=18wH3FD7mK_H3_RUPGY07lj31H1o8Pnak', NULL, NULL, 1),
	(83, '-', '-', '-', 'https://drive.google.com/uc?id=1CZwerixZMS2W95b8TEckCDgpGR5l7AKh', NULL, NULL, 1),
	(84, '-', '-', '-', 'https://drive.google.com/uc?id=1OlRZzERbHsDi1aE59KtkEYcwGlBt74iu', NULL, NULL, 1),
	(85, '-', '-', '-', 'https://drive.google.com/uc?id=1U8eI3_DKL4bMpd08hstqHvv6hLQQWpQP', NULL, NULL, 1),
	(86, '-', '-', '-', 'https://drive.google.com/uc?id=19zq6Fo1z2JGF-71LhCjO7j5PXKDPWkPr', NULL, NULL, 1),
	(87, '-', '-', '-', 'https://drive.google.com/uc?id=1Aiii86jTZICrJH8JSGTcH2zmVXppnEau', NULL, NULL, 1),
	(88, '-', '-', '-', 'https://drive.google.com/uc?id=1dzKvmKTXeukTVTbsUj62b9Lpy7-mLwOA', NULL, NULL, 1),
	(89, '-', '-', '-', 'https://drive.google.com/uc?id=1yuXhJesLKOM3QVrA2dHUH57XgKWBTkAO', NULL, NULL, 1),
	(90, '-', '-', '-', 'https://drive.google.com/uc?id=1I256wbmFqpftTXERvLFtBOmXuyxuGyiV', NULL, NULL, 1),
	(91, '-', '-', '-', 'https://drive.google.com/uc?id=1CkzxzYcr9HRF8EZAiITJ3CvaWD9ZRZyZ', NULL, NULL, 1),
	(92, '-', '-', '-', 'https://drive.google.com/uc?id=1-O9vTPOKGrpstvIqhrKCGoPfD1pKWTdt', NULL, NULL, 1),
	(93, '-', '-', '-', 'https://drive.google.com/uc?id=1_namIVHWQyaRSnc06JeoiUNj_qNmorXJ', NULL, NULL, 1),
	(94, '-', '-', '-', 'https://drive.google.com/uc?id=1bKa6SOwqBcYYQwfe9XHhsP6jrfF3jzAD', NULL, NULL, 1),
	(95, '-', '-', '-', 'https://drive.google.com/uc?id=1nMx_Lrb0f1G-kbUW_BJh13mYbLyaYK3k', NULL, NULL, 1),
	(96, '-', '-', '-', 'https://drive.google.com/uc?id=1sSY49iCtCd53We_yRtbXON9uaCJit6Wr', NULL, NULL, 1),
	(97, '-', '-', '-', 'https://drive.google.com/uc?id=18K5q1ZRjsvy79gziOk1t85cQGMETdEjw', NULL, NULL, 1),
	(98, '-', '-', '-', 'https://drive.google.com/uc?id=1xpa1UQ5MmtwMCya152Cn72fuItvpphLi', NULL, NULL, 1),
	(99, '-', '-', '-', 'https://drive.google.com/uc?id=1AoCg_TMqFN-WfG4un6s69kekMnltpBIZ', NULL, NULL, 1),
	(100, '-', '-', '-', 'https://drive.google.com/uc?id=1M5C4wtLbnuwu2dXK2aPAEBYo7WGd0ght', NULL, NULL, 1),
	(101, '-', '-', '-', 'https://drive.google.com/uc?id=1otA1dOHBBX2XOPO4B24AjgXZNzM0mUHT', NULL, NULL, 1),
	(102, '-', '-', '-', 'https://drive.google.com/uc?id=1bd-aQuoYidUiDj-921UUzVuuq70W6a79', NULL, NULL, 2),
	(103, '-', '-', '-', 'https://drive.google.com/uc?id=1lgXxBXIQhQ-1AXY8ySyqRqA9Y8D8rjQq', NULL, NULL, 2),
	(104, '-', '-', '-', 'https://drive.google.com/uc?id=1aBIqLgAb3OOOUhz_QCkLIdEvGJp9uSar', NULL, NULL, 2),
	(105, '-', '-', '-', 'https://drive.google.com/uc?id=1RmSveQye_c7aw44lY95GtGqnFPA8hjqf', NULL, NULL, 2),
	(106, '-', '-', '-', 'https://drive.google.com/uc?id=1Y2XspzNYL--y7HOnEKlr9n02_dsIQocf', NULL, NULL, 2),
	(107, '-', '-', '-', 'https://drive.google.com/uc?id=1Bv8Juir9FWKVMeyhV_yYasgRkfofLp8x', NULL, NULL, 2),
	(108, '-', '-', '-', 'https://drive.google.com/uc?id=1xnFUNRREqUksrfu9sBnJZiXF_oR7WsPY', NULL, NULL, 2),
	(109, '-', '-', '-', 'https://drive.google.com/uc?id=1EeohiOXDle8PwdasOqmz1s6gPPStLwr5', NULL, NULL, 2),
	(110, '-', '-', '-', 'https://drive.google.com/uc?id=1cz-McA_cUQGszDCX4Blkl2pfPBO6xarP', NULL, NULL, 2),
	(111, '-', '-', '-', 'https://drive.google.com/uc?id=1Bk18JvJ1lIyt-PGN3SB4vc0w3TR6Rb1d', NULL, NULL, 2),
	(112, '-', '-', '-', 'https://drive.google.com/uc?id=1huEAmaTwPI8bdUt1_cVMizQ3vRXA0PWb', NULL, NULL, 2),
	(113, 'จิตอึดอัด,Mentally Disturbed', 'มูฮัมหมัดนัสรี บินหะยีมามะ,Muhammatnasri Binhajimamat', '-', 'https://drive.google.com/uc?id=1dMSphwknWzRyYQAdVwP7hhSYyfdLPsn6', 'วาดเส้นด้วยความร้อนบนแผ่นไม้,Pyrography', '216x130 ซม.,216x130 cm', 1),
	(114, 'พื้นผิวธรรมชาติ,Natural Texture', 'จิรนันท์ จุลบท,Jiranan Julrabot', '-', 'https://drive.google.com/uc?id=1xcVf3VBjCWlwyzkCXEB5-vet8xqaH-2P', 'ปั๊มแม่พิมพ์ธรรมชาติ,Stamping', '250x240 ซม.,250x240 cm', 1),
	(115, 'พฤติกรรมนำสู่ความเปลี่ยนแปลง,Porcelain City', 'วงศธร ธนปฐมสินชัย,Wongsatorn Tanapathomsinchai', '-', 'https://drive.google.com/uc?id=16OHSyOwz6I06ffzkblJPx9YQkCLoue3l', 'ภาพพิมพ์โลหะ,Etching', '174x72.5 ซม.,174x72.5 cm', 1),
	(116, 'ชีวิตในธรรมชาติ(โกสุมพิสัย มหาสารคาม 2564),A Life in Natature (Kosumpisai, Mahasarakham 2021)', 'สุรศักดิ์ สอนเสนา,Surasak Sornsena', '-', 'https://drive.google.com/uc?id=1kYFTrC8thHhZDOR6lyxKaucDgHpUFewz', 'ภาพพิมพ์แกะไม้,Woodcut', '134x229 ซม.,134x229 cm', 1),
	(117, 'บทกวี ดั่งไฟ ชำระล้าง เกิดใหม่,Poetry, Fire, Purge and Reborn', 'ปาลฉัตร ยอดมณี,Panchat Yodmanee', '-', 'https://drive.google.com/uc?id=1J_uhMHe5iTFknLhoYCS7N20rKERosy7S', 'สีอะครีลิคบนผ้าลินิน และสื่อผสม(ดินสอขาว วัสดุหนังยางสีแดง ปีกผีเสื้อ และภาพถ่ายบนกระดาษ),Arcylic on linen and mixed media (pencil, rubber band, wing of butterfly and photography)', '155x260 ซม.,155x260 cm', 1),
	(118, 'วัฎฎะ (น่าสงสาร) 2021,Cycle (Pity) 2021', 'สุรพงษ์ สมสุข,Surapong Somsuk', '-', 'https://drive.google.com/uc?id=1-LE9E7wb-TJ_lETsLkgeUXLFbAMqkckz', 'ภาพพิมพ์วัสดุปะติด และภาพพิมพ์โลหะ,Collography and etching', '150x110 ซม.,150x110 cm', 1),
	(119, 'ชีวิตบนเรือ หมายเลข 5,Life on Boat No.5', 'จาฏุพัจน์ ปุยเจริญ,Jatupat Puychareon', '-', 'https://drive.google.com/uc?id=1YlZEBDnRnsCI0APLcpQKKpawNiNVJslt', 'ภาพพิมพ์แกะไม้,Woodcut', '121.5x170 ซม.,121.5x170 cm', 1),
	(120, 'พันธจองจำจิต หมายเลข 9,Bondage of the Mind No.9', 'ภานุวัฒน์ สิทธิโชค,Panuwat Sitheechock', '-', 'https://drive.google.com/uc?id=1rM2JGF6oqQ3XikSNH11vnqmbQ1DXzMW6', 'แกะสลักบนไม้และหมึกพิมพ์,Wood carving and ink', '218x245 ซม.,218x245 cm', 1),
	(121, 'ส่งเพื่อนสาวไปสววรค์,Farewell My Friend', 'ธนพล ดาทุมมา,Thanapon Dathumma', '-', 'https://drive.google.com/uc?id=1sLXuG367Tyy_8v03qr4MzBAvY0IXBfUC', 'เย็บปักเส้นด้าย ผ้า และวัสดุผสม,Embroidery and mixed media', '226x259 ซม.,226x259 cm', 1),
	(122, 'พื้นที่ความสงบ,Sanctuary inside the Soul', 'ประวีณ เปียงชมภู,Praween Piangchoompu', '-', 'https://drive.google.com/uc?id=1zgGUoGmgDD1wnQcKmFQBzpoMUr2SG1NS', 'ภาพพิมพ์แกะไม้,Woodcut', '109x130 ซม.,109x130 cm', 1),
	(123, 'บรรยากาศของสีแห่งความศรัทธาในดินแดนล้านนา หมายเลข 4,Atmosphere of Color of Faith in Lanna Territory No.4', 'พงศ์ศิริ คิดดี,Pongsiri Kiddee', '-', 'https://drive.google.com/uc?id=1kdXJ_IOs1H3PfkOHxPAJvRDGr20BRbyW', 'ภาพพิมพ์ตะแกรงไหมบนกระดาษ,Silkscreen on paper', '127x205 ซม.,127x205 cm', 1),
	(124, 'ที่พำนักแห่งจิต หมายเลข 2,The Residence of Mind No.2', 'นิตยา เหิรเมฆ,Nittaya Hernmek', '-', 'https://drive.google.com/uc?id=1cQcnuGnTjTO4EFAzHVAlnGEd3spQxNxn', 'ภาพพิมพ์แกะไม้,Woodcut', '184x133 ซม.,184x133 cm', 1),
	(125, 'ยามฝัน นิรันดร์,Eternal Dream', 'ลดากร พวงบุปผา,Ladakorn Puangbubpha', '-', 'https://drive.google.com/uc?id=1Mx26zisUp43A2thvSRIEJud50N1xWZUT', 'ภาพพิมพ์ร่องลึก,Intaglio', '134x174 ซม.,134x174 cm', 1),
	(126, 'สัมพันธภาพของชีวิต,Relationship of Life', 'เทพพงษ์ หงษ์ศรีเมือง,Teppong Hongsrimuang', '-', 'https://drive.google.com/uc?id=1QnsDzjAHheReUFpmQcWKlGwqSd53BzGd', 'ภาพพิมพ์แกะไม้,Woodcut', '127.5x187 ซม.,127.5x187 cm', 1),
	(127, 'แสงแห่งพลังชีวิต หมายเลข 4,The Linght of Life Power No.4', 'สุวิชา พึ่งเกตุ,Suvicha Phungkate', '-', 'https://drive.google.com/uc?id=142JCNeS1plZK3zKo8b0C3WNaRoC_95q5', 'จิตรกรรมดิจิทัลผสม ชาโคล และสีอะครีลิค,Digital painting, charcoal and acrylic', '129x255.5 ซม.,129x255.5 cm', 1),
	(128, 'ภาพพระบฎ 2022,Thangka of Thailand 2022', 'ธมลวรรณ แสงนาค,Thamonwan Sangnak', '-', 'https://drive.google.com/uc?id=1qer50402l2KVSrzd3ioE9gRev6msLR1J', 'ภาพพิมพ์ตะแกรงไหมและวัสดุผสม,Silkscreen and mixed objects', '159x246.5 ซม.,159x246.5 cm', 1),
	(129, 'ไพลิน,Phailin', 'สิรวิชญ์ เกตุดิษฐ,Sirawit Ketdit', '-', 'https://drive.google.com/uc?id=1mXzM-YxZrr2UAbXBALGkGS1KHaTH9WdG', 'สีน้ำมัน และสีอะครีลิคบนผ้าลินินผสมคอตตอน,Oil and acrylic on linen and cotton', '173.5x237.5 ซม.,173.5x237.5 cm', 1),
	(130, 'สุนทรียะเพศทางเลือก หมายเลข 7,Gender Me No.7', 'ธีรวัฒร์ มิควาฬ,Theerawat Mikhawan', '-', 'https://drive.google.com/uc?id=1VdUZQN2zyTjQFGFPP3AsYRFAaSELmZer', 'ภาพพิมพ์เทคนิคผสม,Mixed technique', '157x125 ซม.,157x125 cm', 1),
	(131, 'องค์ประกอบของความสุข หมายเลข 2,Composition of Happiness No.2', 'กรณิศ พ่วงพันสี,Konranit Phuangpansee', '-', 'https://drive.google.com/uc?id=1V1N4CxQMkfe5P0_qeCSkSxHVM5eqeM9P', 'จิตรกรรมผสม,Mixed painting', '150x200 ซม.,150x200 cm', 1),
	(132, 'มิติแห่งวัฒนธรรม,Ciltural Dimension', 'ศักชัย อุทธิโท,Sakchai Uttitho', '-', 'https://drive.google.com/uc?id=1CZiXlzfMX4UUJd1SxGUXPs1vCO_C8-z0', 'สีน้ำมันบนผ้าใบ,Oil on canvas', '180x250 ซม.,180x250 cm', 1),
	(133, 'มิติความดีงามของอารยธรรมแห่งบรรพชน,The Dignity of the Ancestor\'s Civilization', 'ศักชัย อุทธิโท,Sakchai Uttitho', '-', 'https://drive.google.com/uc?id=13ufUojwKN-R_mYbn0trJc4eQDjeyCjd8', 'สีน้ำมัน,Oil color', '200x258 ซม,200x258 cm', 1),
	(134, 'หวาย,Dendrobium Purpureum', 'บุญมี แสงขำ,Boonmee Sangkhum', '-', 'https://drive.google.com/uc?id=1dFADl6i2iwPqp50M7d89s2rT6FWh8VUP', 'ภาพพิมพ์เมซโซทินท์,Mezzotint', '123x173 ซม.,123x173 cm', 1),
	(135, 'เธมิสโตคลีส,Themistocles', 'วารี แสงสุวอ,Wari Saengsuwo', '-', 'https://drive.google.com/uc?id=1Vh635s4zOVC6uexpR_Lo5Y40vteSgvFt', 'ภาพพิมพ์สื่อผสม,Mixed printmaking', '164x100 ซม.,164x100 cm', 1),
	(136, 'มา นยเหตุ,Extrapolate', 'วัชรพงษ์ ขุนอาจ,Watcharapong Khunart', '-', 'https://drive.google.com/uc?id=1QPxwJKFYdoUgBrYh5xOn8yJb3aXQWxxQ', 'สีน้ำมันบนผ้าใบ,Oil on canvas', '153x193 ซม.,153x193 cm', 1),
	(137, 'โลกคู่ขนาน,Parallel World', 'อัครพล พิพัฒโภคผล,Akaraphon Pipatpokapol', '-', 'https://drive.google.com/uc?id=1PCHElBFwMI_8dpy-1wcCQNX9CUo6Tj1l', 'สีอะครีลิค,Acrylic', '119.5x240 ซม.,119.5x240 cm', 1),
	(138, 'Sky and Trees...,Sky and Trees…', 'นันทพร เทียรทอง,Nantaporn Thianthong', '-', 'https://drive.google.com/uc?id=1a_CQbDQt6m-eNT5XDQjwlSC2EcUjwrKT', 'ปากกาเคมี สีอะครีลิค และการเย็บ,Chemical pen,acrylic and embroidery', '195x171 ซม.,195x171 cm', 1),
	(139, 'จิตรโลโนโย่ หมายเข 2,Jittanoloyo No.2', 'เจษฎา กิรติเสวี,Jesada Kiratisehwee', '-', 'https://drive.google.com/uc?id=1YyGuH-6Yx-eVmeRSeSksGTA-gnLRcksU', 'สีหมึกพิมพ์บนผ้าใบ และนีออนเฟล็กบนอะครีลิค,Ink on canvas and neon flex on acrylic', '83.5x223.5x10 ซม.,83.5x223.5x10 cm', 1),
	(140, 'เคยชินในความโดดเดี่ยว,Used to It', 'ณัฐกาญจน์ วาจาสัตย์,Nattakarn Vajasut', '-', 'https://drive.google.com/uc?id=1nq1ORG3Z6md27eFxkUODcYrZHWU5oRw6', 'ภาพพิมพ์หิน,Lithography', '124x94 ซม.,124x94 cm', 1),
	(141, 'ความอุดมสมบูรณ์ในชนบทอีสาน,Abundance in the Isan Countryside', 'ผดุงศักดิ์ บุญสาร,Phadoongsak Boonsarn', '-', 'https://drive.google.com/uc?id=1i2Tl1rLqq4f4YtKTXbVjBRLkfq9bVEXI', 'สีอะครีลิคบนผ้าใบ,Acrylic on canvas', '130x150 ซม.,130x150 cm', 1),
	(142, 'We\'re in the Same Boat,We\'re in the Same Boat', 'อำนาจ คงวารี,Amnat Kongwaree', '-', 'https://drive.google.com/uc?id=1vMRnhxjrpvCkxGqaZFnN3L1uyPJOLd8_', 'ภาพพิมพ์หิน,Lithography', '130x100 ซม.,130x100 cm', 1),
	(143, 'แผ่นดินแห่งความสุข,Land of Happiness', 'เรืองฤทธิ์ สร่องศรี,Roungrit Songsri', '-', 'https://drive.google.com/uc?id=1t6nVWnTHaywPLKO2Tr2IzD3go7fXSnH2', 'จิตรกรรมผสม,Mixed painting', '206x254 ซม.,206x254 cm', 1),
	(144, 'แผ่นดินแห่งความสุข,Land of Happiness', 'เรืองฤทธิ์ สร่องศรี,Roungrit Songsri', '-', 'https://drive.google.com/uc?id=1-X0dKO6oB--THeKyYNHlXk7GkSVlzmKD', 'จิตรกรรมผสม,Mixed painting', '206x254 ซม.,206x254 cm', 1),
	(145, 'แผ่นดินแห่งความสุข,Land of Happiness', 'เรืองฤทธิ์ สร่องศรี,Roungrit Songsri', '-', 'https://drive.google.com/uc?id=1v5rxJ_XbmiVKd9QE9rAjgoXWaEV8O5mG', 'จิตรกรรมผสม,Mixed painting', '206x254 ซม.,206x254 cm', 1),
	(146, 'แผ่นดินแห่งความสุข,Land of Happiness', 'เรืองฤทธิ์ สร่องศรี,Roungrit Songsri', '-', 'https://drive.google.com/uc?id=1ccT6Ilk8R7V-EDYGLstw1Rw4Con1XrHv', 'จิตรกรรมผสม,Mixed painting', '206x254 ซม.,206x254 cm', 1),
	(147, 'เมื่อฉันยังเด็กกับพื้นที่ในจินตนาการของฉัน,When I was Young with My Imaginary Space', 'ชวิศ ศรีสวัสดิ์,Chawit Srisawat', '-', 'https://drive.google.com/uc?id=1esQRJqRvu_dbVsXEnp1kZiZ5KDcsqIWW', 'ภาพพิมพ์โลหะ,Etching', '97.5x126 ซม.,97.5x126 cm', 1),
	(148, 'ผสานร่วมกัน,Merge Together', 'ธิญาวดี จันทวงศ์,Thiyawadee Jantawong', '-', 'https://drive.google.com/uc?id=1sBqbRF_gsFDl_mbnqAnGVmhAXai545ni', 'ภาพพิมพ์โลหะ,Etching', '85x106 ซม.,85x106 cm', 1),
	(149, 'The Narrow Space of Vastness No.2,The Narrow Space of Vastness No.2', 'อภิรัฐ ฤกษ์ดี,Apirat Rerkdee', '-', 'https://drive.google.com/uc?id=1-Y2LonymZuAB98-RBooYlS1YrC-cyBfj', 'Screenprint,Screenprint', '78x116 ซม.,78x116 cm', 1),
	(150, 'ก่อนตะวันลาลับ,Before Sunset', 'ชยสิทธ์ ออไอศุรย์,Chayasit Orisoon', '-', 'https://drive.google.com/uc?id=1H1W9uRO-XnbpatXhuASl57xzevSOjnTg', 'ภาพพิมพ์แกะไม้,Woodcut', '106.5x86 ซม.,106.5x86 cm', 1),
	(151, 'ชีวิตที่ไม่มีชีวิต,Life without Life', 'ณัฐธิดา มณีทอน,Nuttida Maneethone', '-', 'https://drive.google.com/uc?id=1cDY4cxswViDcWgaphI8Akj7UfCVdmod8', 'สีน้ำมันบนผ้าใบ,Oil on canvas', '123x151 ซม.,123x151 cm', 1),
	(152, 'สม<มุด>ว่า? โนสอง,What If? N0.2', 'ปฏิภาณ มีสมบูรณ์,Patipan Meesomboon', '-', 'https://drive.google.com/uc?id=1MCYJHLP8PUqoeQ-r8ncJwR8a4FSkTcgM', 'สีอะครีลิคบนผ้าใบ,Acrylic on canvas', '150x200 ซม.,150x200 cm', 1),
	(153, 'ในน้ำมีปลา หมายเลข 2,There are Fish in the Water No.2', 'ชนิยา มณีนวล,Chaniya Maneenual', '-', 'https://drive.google.com/uc?id=1smpmpfo9ahuf_ucgfwUILir6WGFimf8T', 'Screenprint,Screenprint', '112.5x145 ซม.,112.5x145 cm', 1);

-- Dumping structure for table project.performance2
CREATE TABLE IF NOT EXISTS `performance2` (
  `performance_id` int(11) NOT NULL AUTO_INCREMENT,
  `performance_name` varchar(1000) NOT NULL,
  `performance_sculptute` varchar(1000) NOT NULL,
  `performance_location` varchar(1000) NOT NULL,
  `performance_image` varchar(1000) DEFAULT NULL,
  `performance_type` varchar(1000) DEFAULT NULL,
  `performance_size` varchar(100) DEFAULT NULL,
  `category_id` int(11) DEFAULT NULL,
  PRIMARY KEY (`performance_id`),
  KEY `fk_Performance_Category_idx` (`category_id`),
  CONSTRAINT `fk_Performance_Category` FOREIGN KEY (`category_id`) REFERENCES `category` (`category_id`)
) ENGINE=InnoDB AUTO_INCREMENT=157 DEFAULT CHARSET=utf8mb4 COLLATE=utf8mb4_general_ci;

-- Dumping data for table project.performance2: ~51 rows (approximately)
INSERT INTO `performance2` (`performance_id`, `performance_name`, `performance_sculptute`, `performance_location`, `performance_image`, `performance_type`, `performance_size`, `category_id`) VALUES
	(1, 'ชื่ออนุสาวรีย์ : พระบรมรูปหล่อจำลอง รัชกาลที่ 5', 'ประติมากร : อาจารย์สัมพันธ์ อุทธโยธา ', 'ตำแหน่งที่ตั้งของประติมากรรม : กระทรวงการคลัง จังหวัดกรุงเทพมหานคร ', 'https://drive.google.com/uc?id=1B4mAtxdZnnMBR0L11RHC5D9fr0hyOyeE', NULL, NULL, 2),
	(2, 'ชื่ออนุสาวรีย์ : พระบรมรูปหล่อจำลอง รัชกาลที่ 5', 'ประติมากร : อาจารย์สัมพันธ์ อุทธโยธา ', 'ตำแหน่งที่ตั้งของประติมากรรม : กระทรวงการคลัง จังหวัดกรุงเทพมหานคร ', 'https://drive.google.com/uc?id=1B4mAtxdZnnMBR0L11RHC5D9fr0hyOyeE', NULL, NULL, 2),
	(3, 'ชื่ออนุสาวรีย์ : พระบรมราชานุสาวรีย์พ่อขุนศรีอินทราทิตย์ ', 'ประติมากร : อาจารย์ภราดร เชิดชู', 'ตำแหน่งที่ตั้งของประติมากรรม : สวนสาธารณะสวนไทย ', 'https://drive.google.com/uc?id=1ktFUCbT7VeVHeMvORTYGren6vfW7xCCo', NULL, NULL, 2),
	(4, 'ชื่ออนุสาวรีย์ : สมเด็จพระศรีนครินทราบรมราชชนนี ', 'ประติมากร : อาจารย์ภราดร เชิดชู ', 'ตำแหน่งที่ตั้งของประติมากรรม : สวนสุขภาพเฉลิมพระเกียรติสมเด็จย่า จังหวัดสุรินทร์ ', 'https://drive.google.com/uc?id=1dIky4b1DkiNmd3_0D28QaU4VdFPqTd7v', NULL, NULL, 2),
	(5, 'ชื่ออนุสาวรีย์ :พระบาทสมเด็จพระจุลจอมเกล้าเจ้าอยู่หัว ', 'ประติมากร : อาจารย์กองเกตุ ชนะพันธุ์ ', 'ตำแหน่งที่ตั้งของประติมากรรม : การไฟฟ้าส่วนภูมิภาคผาเสด็จ จังหวัดสระบุรี ', 'https://drive.google.com/uc?id=1mOvG38mjfEolYqn3gXIdYYuDU2dyKCZL', NULL, NULL, 2),
	(6, 'ชื่ออนุสาวรีย์: สมเด็จพระมหิตลาธิเบศร อดุลยเดชวิกรม พระบรมราชชนก', 'ประติมากร : อาจารย์สัมพันธ์ อุทธโยธา', 'ตำแหน่งที่ตั้งของประติมากรรม : โรงพยาบาลเวชศาสตร์เขตร้อน จังหวัดกรุงเทพมหานคร ', NULL, NULL, NULL, 2),
	(7, 'ชื่ออนุสาวรีย์: พระบรมราชานุสาวรีย์พ่อขุนศรีอินทราทิตย์ ', 'ประติมากร : พันโท นพดล สุวรรณปินนะ ', 'ตำแหน่งที่ตั้งของประติมากรรม : อุทยานประวัติศาสตร์สุโขทัย ', 'https://drive.google.com/uc?id=1paj4UV1K5jbXj-QOX4bor7qXqB21vu0G', NULL, NULL, 2),
	(8, 'ชื่ออนุสาวรีย์: ประติมากรรมท้าวสุรนารี ', 'ประติมากร : อาจารย์ศิลป์ พีระศรี', 'ตำแหน่งที่ตั้งของประติมากรรม :ประตูชุมพล จังหวัดนครราชศรีมา สร้าง พ.ศ.2476 ติดตั้ง พ.ศ.2477', 'https://drive.google.com/uc?id=1Lqs-rr32iKSfPBUosbeHr8-XVDYOy5fs', NULL, NULL, 2),
	(9, 'ชื่ออนุสาวรีย์: พระบาทสมเด็จพระพุทธยอดฟ้าจุฬาโลกมหาราช รัลกาลที่1 ', 'ประติมากร : อาจารย์ประเทือง ธรรมรักษ์ ', 'ตำแหน่งที่ตั้งของประติมากรรม :เขาแก่นจันทน์ จังหวัดราชบุรี ', 'https://drive.google.com/uc?id=1JChJ_P3ZKFSel6bsbyL9-p3Fav-33dql', NULL, NULL, 2),
	(10, 'ชื่ออนุสาวรีย์: พ่อขุนผาเมือง ', 'ประติมากร : อาจารย์กองเกตุ ชนะพันธุ์ ', 'ตำแหน่งที่ตั้งของประติมากรรม : - ', 'https://drive.google.com/uc?id=1WdAUYvHoB3_MCvpjnFlYwOAA40CK-6Ii', NULL, NULL, 2),
	(11, 'ชื่ออนุสาวรีย์: พระบามสมเด็จพระพุทธเลิศหล้านภาลัย รัชกาลที่2 ', 'ประติมากร : อาจารย์สมควร อุ่นตระกูล', 'ตำแหน่งที่ตั้งของประติมากรรม : อุทยานพระบรมราชานุสรณ์ สมเด็จพระพุทธเลิศหล้านภาลัย จังหวัด สมุทรสงคราม ', NULL, NULL, NULL, 2),
	(12, 'ชื่ออนุสาวรีย์: สมเด็จพระพันวัสสาอัยยิกาเจ้า ', 'ประติมากร : อาจารย์สมควร อุ่นตระกูล, อาจารย์ภราดร เชิดชู', 'ตำแหน่งที่ตั้งของประติมากรรม : - ', 'https://drive.google.com/uc?id=1ZMRKCMcqW6p_6_Kuxg5mufb2wdOUML0Z', NULL, NULL, 2),
	(13, 'ชื่ออนุสาวรีย์: พระบาทสมเด็จพระจุลจอมเกล้าเจ้าอยู่หัว รัชกาลที่5 ', 'ประติมากร : อาจารย์มานพ อมรฤทธิโรท', 'ตำแหน่งที่ตั้งของประติมากรรม :โรงเรียนนายร้อยพระจุลจอมเกล้า จังหวัดนครนายก', 'https://drive.google.com/uc?id=1VqSd-fGc99m5oEs4FPoYlB0fl_DvUZ2g', NULL, NULL, 2),
	(14, 'ชื่ออนุสาวรีย์: พระบาทสมเด็จพระปกเกล้าเจ้าอยู่หัว รัชกาลที่7', 'ประติมากร : อาจารย์ศิลป์ พีระศรี', 'ตำแหน่งที่ตั้งของประติมากรรม : - ', 'https://drive.google.com/uc?id=1K3Wwy2LJp7gBdeKebxcGJ_vDuwsabe4x', NULL, NULL, 2),
	(15, 'ชื่ออนุสาวรีย์: พระบาทสมเด็จพระปรเมนทรมหาอานันทมหิดล พระอัฐมรามาธิบดินทร รัชกาลที่8 ', 'ประติมากร : อาจารย์ศิลป์ พีระศรี', 'ตำแหน่งที่ตั้งของประติมากรรม : โรงเรียนเทพศิรินทร์จังหวัดกรุงเทพมหานคร', 'https://drive.google.com/uc?id=1gl5FtG1WTZmCKiY7YGfZmPgnoWOu2baz', NULL, NULL, 2),
	(16, 'ชื่ออนุสาวรีย์: พระบาทสมเด็จพระมหาภูมิพลอดุลยเดชมหาราช รัชกาลที่9 ', 'ประติมากร : อาจารย์อาจารย์สนั่น ศิลากร', 'ตำแหน่งที่ตั้งของประติมากรรม : อาคารรัฐสภาไทย ถนนอู่ทองใน แขวงดุสิต เขตดุสิต กรุงเทพมหานคร', 'https://drive.google.com/uc?id=1gl5FtG1WTZmCKiY7YGfZmPgnoWOu2baz', NULL, NULL, 2),
	(17, 'ชื่ออนุสาวรีย์: พระบาทสมเด็จพระมงกุฎเกล้าเจ้าอยู่หัว รัชกาลที่6 ', 'ประติมากร : อาจารย์ศิลป์ พีระศรี ', 'ตำแหน่งที่ตั้งของประติมากรรม : - ', 'https://drive.google.com/uc?id=1MQDs889woHdk7OOsArZ7EdaGj1Kl_0k_', NULL, NULL, 2),
	(18, 'ชื่ออนุสาวรีย์: สมเด็จพระเจ้าตากสินมหาราช', 'ประติมากร : อาจารย์ศิลป์ พีระศรี ', 'ตำแหน่งที่ตั้งของประติมากรรม : วงเวียนใหญ่ เขตธนบุรี กรุงเทพมหานคร', NULL, NULL, NULL, 2),
	(19, 'ชื่ออนุสาวรีย์: พระบาทสมเด็จพระนั่งเกล้าเจ้าอยู่หัว รัชกาลที่3 ', 'ประติมากร : อาจารย์สุนทร สาระสงเคราะห์', 'ตำแหน่งที่ตั้งของประติมากรรม : วัดราชนัดดารามวรวิหาร กรุงเทพมหานคร ', NULL, NULL, NULL, 2),
	(20, '-', '-', '-', NULL, NULL, NULL, 2),
	(21, 'ชื่ออนุสาวรีย์: พระบาทสมเด็จพระจุลจอมเกล้าเจ้าอยู่หัว รัชกาลที่5 ', 'ประติมากร : อาจารย์กองเกตุ ชนะพันธุ์ ', 'ตำแหน่งที่ตั้งของประติมากรรม : ผาเสด็จ จังหวัดสระบุรี', 'https://drive.google.com/uc?id=1HLuwVPrpJZLasnhWMtxfgSrO2iZWKNAA', NULL, NULL, 2),
	(22, 'ชื่ออนุสาวรีย์: พระบาทสมเด็จพระพุทธยอดฟ้าจุฬาโลกมหาราช รัชกาลที่1 ', 'ประติมากร : อาจารย์ประสพฤกษ์ รัตนยงค์ ', 'ตำแหน่งที่ตั้งของประติมากรรม : - ', 'https://drive.google.com/uc?id=1Mrpc4l8FP5eI1glbxVEEgez4sCxlXGW7', NULL, NULL, 2),
	(23, 'ชื่ออนุสาวรีย์: สมเด็จพระเจ้าตากสินมหาราช ', 'ประติมากร : อาจารย์อัครายุทธ อยู่เย็น', 'ตำแหน่งที่ตั้งของประติมากรรม : - ', 'https://drive.google.com/uc?id=1yXU3KzKNGNyC0X78_WizpQWawBikRguV', NULL, NULL, 2),
	(24, 'ชื่ออนุสาวรีย์: พระนารายณ์มหาราช ', 'ประติมากร : อาจารย์พิทักษ์ เฉลิมเล่า', 'ตำแหน่งที่ตั้งของประติมากรรม : - ', 'https://drive.google.com/uc?id=1j_JOrxnYRat9f0vI3ub_ZYJ3LcArglC8', NULL, NULL, 2),
	(25, 'ชื่ออนุสาวรีย์: พ่อขุนรามคำแหง ', 'ประติมากร : อาจารย์พิทักษ์ เฉลิมเล่า', 'ตำแหน่งที่ตั้งของประติมากรรม : - ', 'https://drive.google.com/uc?id=1pGznNzX7ikYJrSRNIzTSg4UgktnOskhO', NULL, NULL, 2),
	(26, 'ชื่ออนุสาวรีย์: สมเด็จพระเจ้าตากสินมหาราช', 'ประติมากร : อาจารย์ภราดร เชิดชู ', 'ตำแหน่งที่ตั้งของประติมากรรม : - ', 'https://drive.google.com/uc?id=1X5z2RvSA1B4hi-70_qZSmEbWvoBc1JUB', NULL, NULL, 2),
	(27, 'ชื่ออนุสาวรีย์: สมเด็จพระนเรศวรมหาราช', 'ประติมากร : อาจารย์ภราดร เชิดชู', 'ตำแหน่งที่ตั้งของประติมากรรม : - ', NULL, NULL, NULL, 2),
	(28, 'ชื่ออนุสาวรีย์: พระบาทสมเด็จพระจอมเกล้าเจ้าอยู่หัว รัชกาลที่4 ', 'ประติมากร : อาจารย์ภราดร เชิดชู ', 'ตำแหน่งที่ตั้งของประติมากรรม : - ', 'https://drive.google.com/uc?id=11LtgNhxtpiY1ISTXthlDvFfX74p9tQ4f', NULL, NULL, 2),
	(29, 'ชื่ออนุสาวรีย์: สมเด็จพระนารายณ์มหาราช ', 'ประติมากร : อาจารย์กิตติชัย ตรีรัตน์วิชชา ', 'ตำแหน่งที่ตั้งของประติมากรรม : ณ วัดพระนารายณ์พระอารามหลวง จังหวัดนครราชสีมา', 'https://drive.google.com/uc?id=1-sd0H6JO-_UsQB07NLjtb4BNqUo9yQs7', NULL, NULL, 2),
	(30, 'ชื่ออนุสาวรีย์: พระเจ้าบรมวงศ์เธอ กรมหลวงสรรพสิทธิประสงค์', 'ประติมากร : อาจารย์กิตติชัย ตรีรัตน์วิชชา', 'ตำแหน่งที่ตั้งของประติมากรรม : ณ โรงพยาบาลสรรพสิทธิประสงค์ จังหวัดอุบลราชธานี', NULL, NULL, NULL, 2),
	(31, '-', '-', '-', 'https://drive.google.com/uc?id=16bBHvWC0xSCpFrg9uZphu_BDcTLWlg-y', NULL, NULL, 2),
	(32, '-', '-', '-', 'https://drive.google.com/uc?id=1bisE8t3uIIo5tMk_GbI8TGhCrW-baS8a', NULL, NULL, 2),
	(33, '-', '-', '-', 'https://drive.google.com/uc?id=1gLEpdesoPJG3Ig3QhTRP9QQvZtmwYNMi', NULL, NULL, 2),
	(34, '-', '-', '-', 'https://drive.google.com/uc?id=1yCohr6VKHNtQMHrcpB0cjXoh_f6ssgOR', NULL, NULL, 2),
	(35, '-', '-', '-', 'https://drive.google.com/uc?id=1X4Jdo5raUeQGNLmgkhYvRsJkleKGHoXg', NULL, NULL, 2),
	(36, '-', '-', '-', 'https://drive.google.com/uc?id=1yg5x-MvkKLRGYzPu5eD3oM-kf9mTKU4Z', NULL, NULL, 2),
	(37, '-', '-', '-', 'https://drive.google.com/uc?id=1oOiM3T1eDSb-f6n8ajbhBjqs-LZXEh8Z', NULL, NULL, 2),
	(38, '-', '-', '-', 'https://drive.google.com/uc?id=1l1b5aVeDO1OUVyw8dFqXKFLynGk8EL-c', NULL, NULL, 2),
	(39, '-', '-', '-', 'https://drive.google.com/uc?id=1Ud2H6J0Nbk6Ws0kmOYFbJ-A_d1RBJeTd', NULL, NULL, 2),
	(40, '-', '-', '-', 'https://drive.google.com/uc?id=1DxwHWIUUdTmqoqp1mqsQO_ne4R__qJ1e', NULL, NULL, 2),
	(41, '-', '-', '-', 'https://drive.google.com/uc?id=1KEqyXJ-IDUbZuEVA_nFSBM77ZgsW9VTd', NULL, NULL, 2),
	(42, '-', '-', '-', 'https://drive.google.com/uc?id=1VC0EvBXzcmBnam99MyhPH_K5JL9JnhxI', NULL, NULL, 2),
	(43, '-', '-', '-', 'https://drive.google.com/uc?id=1sl2fSk7FrwMO7TmZ-CPWpONNUMpF759t', NULL, NULL, 3),
	(44, '-', '-', '-', 'https://drive.google.com/uc?id=18CVT73EXnFf9dzXBEivdIcH44nqV-tGq', NULL, NULL, 3),
	(45, '-', '-', '-', 'https://drive.google.com/uc?id=1w4UTs0c6893mILG-HONiFBTX6swAa3kp', NULL, NULL, 3),
	(46, '-', '-', '-', 'https://drive.google.com/uc?id=10w-O3f3Zv0kvOE78WTAu5NSUHJ3DKUcy', NULL, NULL, 3),
	(47, '-', '-', '-', 'https://drive.google.com/uc?id=16QyyhE2JKM5hswCvCFGpqFKM7w0THy0R', NULL, NULL, 3),
	(48, '-', '-', '-', 'https://drive.google.com/uc?id=1zXr2DGPdUkrUl9-wRHSNQqrCOyn-vHbK', NULL, NULL, 3),
	(49, '-', '-', '-', 'https://drive.google.com/uc?id=1U0au7Nz_o4-E5Olq0co8eeHl9F0-7_hS', NULL, NULL, 3),
	(50, '-', '-', '-', 'https://drive.google.com/uc?id=1T7tW_Llrl6ZLo6AmGs0FnSlaBACJ7hk0', NULL, NULL, 3),
	(51, '-', '-', '-', 'https://drive.google.com/uc?id=1gRJeNETxRlY3XqLVXEN1Xs6de7iA8CY0', NULL, NULL, 3),
	(52, '-', '-', '-', 'https://drive.google.com/uc?id=1YeYv2f9zzZ4v7V1bLeZ-l0mYYj6zffyc', NULL, NULL, 3),
	(53, '-', '-', '-', 'https://drive.google.com/uc?id=1copUMOiwBioK1bcW_s4ZI8WLWJBrq-Vr', NULL, NULL, 3),
	(54, '-', '-', '-', 'https://drive.google.com/uc?id=1hIPExTTxkFy02N_ZWjBKcXhZ05ku5-qd', NULL, NULL, 3),
	(55, '-', '-', '-', 'https://drive.google.com/uc?id=1Ghj8BtqepcYYn3c1T8PBJYRQcZFr6MxA', NULL, NULL, 3),
	(56, '-', '-', '-', 'https://drive.google.com/uc?id=1yV1zY7DiyXRtZM4BBP4fHfZb3lZvBVEe', NULL, NULL, 1),
	(57, '-', '-', '-', 'https://drive.google.com/uc?id=16KZSEocDou3cZ4pB07tCKQ8D5kAaka5X', NULL, NULL, 1),
	(58, '-', '-', '-', 'https://drive.google.com/uc?id=1kn7igYRyyfrn2bup0r1qX8Jr0VdKLQIK', NULL, NULL, 1),
	(59, '-', '-', '-', 'https://drive.google.com/uc?id=1L1Ch9Zce4OXab4mK7gqSCDxjbEA0YoKN', NULL, NULL, 1),
	(60, '-', '-', '-', 'https://drive.google.com/uc?id=16KD5sIVq2cgBzGk1icLY4NQsY7qdFeLz', NULL, NULL, 1),
	(61, '-', '-', '-', 'https://drive.google.com/uc?id=170KcvufpMzdUZmXWFdc73DxjOoqT5sAd', NULL, NULL, 1),
	(62, '-', '-', '-', 'https://drive.google.com/uc?id=1LblpkfjzjWg5rpe_I9Q-ggjDE1OTlRj3', NULL, NULL, 1),
	(63, '-', '-', '-', 'https://drive.google.com/uc?id=12jY695VqAGcmeAANaHKtbUhy9ZM8X3IT', NULL, NULL, 1),
	(64, '-', '-', '-', 'https://drive.google.com/uc?id=1lTgnbQwteg6T0OFBCaGpnrRRgmHyOgR1', NULL, NULL, 1),
	(65, '-', '-', '-', 'https://drive.google.com/uc?id=1MG5_eIAYTdiq7pkbtkRvdQ6IQuzF5rdZ', NULL, NULL, 1),
	(66, '-', '-', '-', 'https://drive.google.com/uc?id=17sGFahUerV62xBUJ2G0HeRFIzPWIdOvC', NULL, NULL, 1),
	(67, '-', '-', '-', 'https://drive.google.com/uc?id=106CNE9nH7nlFVOBy6GLUoZti0I_6hER0', NULL, NULL, 1),
	(68, '-', '-', '-', 'https://drive.google.com/uc?id=16_liZ0qSMUAdUa0EPZKRPcgIvyl_GZyh', NULL, NULL, 1),
	(69, '-', '-', '-', 'https://drive.google.com/uc?id=1U_k8wtWBTThh_WpXkqMBMuVgwdM7bpdi', NULL, NULL, 1),
	(70, '-', '-', '-', 'https://drive.google.com/uc?id=1sszaIRfDGAUkHTVmmtn82a3DHpiMb31a', NULL, NULL, 1),
	(71, '-', '-', '-', 'https://drive.google.com/uc?id=1yjUOvU91Mc2jHlqV5DyuMLH_YYcWUo2L', NULL, NULL, 1),
	(72, '-', '-', '-', 'https://drive.google.com/uc?id=1MB7kkuW50V_80NEccVMB9gKGUiC2cmH5', NULL, NULL, 1),
	(73, '-', '-', '-', 'https://drive.google.com/uc?id=1LX-kJ_IrwQyhXkUgbejtNO8bpgPjs2sC', NULL, NULL, 1),
	(74, '-', '-', '-', 'https://drive.google.com/uc?id=1MlD6Iy7TJiQ-SQ7owujzvVE2x1LQ0G_z', NULL, NULL, 1),
	(75, '-', '-', '-', 'https://drive.google.com/uc?id=1nOlwryWvzYsbJ1OZ8Gd2v3cMMEDt_CYW', NULL, NULL, 1),
	(76, '-', '-', '-', 'https://drive.google.com/uc?id=1fYWOQXd5zdRE-9USymykMTrDKO-Z2abz', NULL, NULL, 1),
	(77, '-', '-', '-', 'https://drive.google.com/uc?id=1bXd34vFwXf-DzaHlV4buekHgPHHsi85X', NULL, NULL, 1),
	(78, '-', '-', '-', 'https://drive.google.com/uc?id=1uMwuLjxMOZluWLEKQgfPS9ZMt84tCyO8', NULL, NULL, 1),
	(79, '-', '-', '-', 'https://drive.google.com/uc?id=1DslxcKwjnR5gQLtl5QPtBoKFBOe1CfXr', NULL, NULL, 1),
	(80, '-', '-', '-', 'https://drive.google.com/uc?id=1JzHqX7PC24PhXWR-YCXBjkElxuRlPJlp', NULL, NULL, 1),
	(81, '-', '-', '-', 'https://drive.google.com/uc?id=11NwWeWXBMN5etVGTug9MK4m7-s6u2ogZ', NULL, NULL, 1),
	(82, '-', '-', '-', 'https://drive.google.com/uc?id=11YqLzHsEdCG4nKSEHHyDSXdIi6XGmNev', NULL, NULL, 1),
	(83, '-', '-', '-', 'https://drive.google.com/uc?id=18wH3FD7mK_H3_RUPGY07lj31H1o8Pnak', NULL, NULL, 1),
	(84, '-', '-', '-', 'https://drive.google.com/uc?id=1CZwerixZMS2W95b8TEckCDgpGR5l7AKh', NULL, NULL, 1),
	(85, '-', '-', '-', 'https://drive.google.com/uc?id=1OlRZzERbHsDi1aE59KtkEYcwGlBt74iu', NULL, NULL, 1),
	(86, '-', '-', '-', 'https://drive.google.com/uc?id=1U8eI3_DKL4bMpd08hstqHvv6hLQQWpQP', NULL, NULL, 1),
	(87, '-', '-', '-', 'https://drive.google.com/uc?id=19zq6Fo1z2JGF-71LhCjO7j5PXKDPWkPr', NULL, NULL, 1),
	(88, '-', '-', '-', 'https://drive.google.com/uc?id=1Aiii86jTZICrJH8JSGTcH2zmVXppnEau', NULL, NULL, 1),
	(89, '-', '-', '-', 'https://drive.google.com/uc?id=1dzKvmKTXeukTVTbsUj62b9Lpy7-mLwOA', NULL, NULL, 1),
	(90, '-', '-', '-', 'https://drive.google.com/uc?id=1yuXhJesLKOM3QVrA2dHUH57XgKWBTkAO', NULL, NULL, 1),
	(91, '-', '-', '-', 'https://drive.google.com/uc?id=1I256wbmFqpftTXERvLFtBOmXuyxuGyiV', NULL, NULL, 1),
	(92, '-', '-', '-', 'https://drive.google.com/uc?id=1CkzxzYcr9HRF8EZAiITJ3CvaWD9ZRZyZ', NULL, NULL, 1),
	(93, '-', '-', '-', 'https://drive.google.com/uc?id=1-O9vTPOKGrpstvIqhrKCGoPfD1pKWTdt', NULL, NULL, 1),
	(94, '-', '-', '-', 'https://drive.google.com/uc?id=1_namIVHWQyaRSnc06JeoiUNj_qNmorXJ', NULL, NULL, 1),
	(95, '-', '-', '-', 'https://drive.google.com/uc?id=1bKa6SOwqBcYYQwfe9XHhsP6jrfF3jzAD', NULL, NULL, 1),
	(96, '-', '-', '-', 'https://drive.google.com/uc?id=1nMx_Lrb0f1G-kbUW_BJh13mYbLyaYK3k', NULL, NULL, 1),
	(97, '-', '-', '-', 'https://drive.google.com/uc?id=1sSY49iCtCd53We_yRtbXON9uaCJit6Wr', NULL, NULL, 1),
	(98, '-', '-', '-', 'https://drive.google.com/uc?id=18K5q1ZRjsvy79gziOk1t85cQGMETdEjw', NULL, NULL, 1),
	(99, '-', '-', '-', 'https://drive.google.com/uc?id=1xpa1UQ5MmtwMCya152Cn72fuItvpphLi', NULL, NULL, 1),
	(100, '-', '-', '-', 'https://drive.google.com/uc?id=1AoCg_TMqFN-WfG4un6s69kekMnltpBIZ', NULL, NULL, 1),
	(101, '-', '-', '-', 'https://drive.google.com/uc?id=1M5C4wtLbnuwu2dXK2aPAEBYo7WGd0ght', NULL, NULL, 1),
	(102, '-', '-', '-', 'https://drive.google.com/uc?id=1otA1dOHBBX2XOPO4B24AjgXZNzM0mUHT', NULL, NULL, 1),
	(103, '-', '-', '-', 'https://drive.google.com/uc?id=1bd-aQuoYidUiDj-921UUzVuuq70W6a79', NULL, NULL, 2),
	(104, '-', '-', '-', 'https://drive.google.com/uc?id=1lgXxBXIQhQ-1AXY8ySyqRqA9Y8D8rjQq', NULL, NULL, 2),
	(105, '-', '-', '-', 'https://drive.google.com/uc?id=1aBIqLgAb3OOOUhz_QCkLIdEvGJp9uSar', NULL, NULL, 2),
	(106, '-', '-', '-', 'https://drive.google.com/uc?id=1RmSveQye_c7aw44lY95GtGqnFPA8hjqf', NULL, NULL, 2),
	(107, '-', '-', '-', 'https://drive.google.com/uc?id=1Y2XspzNYL--y7HOnEKlr9n02_dsIQocf', NULL, NULL, 2),
	(108, '-', '-', '-', 'https://drive.google.com/uc?id=1Bv8Juir9FWKVMeyhV_yYasgRkfofLp8x', NULL, NULL, 2),
	(109, '-', '-', '-', 'https://drive.google.com/uc?id=1xnFUNRREqUksrfu9sBnJZiXF_oR7WsPY', NULL, NULL, 2),
	(110, '-', '-', '-', 'https://drive.google.com/uc?id=1EeohiOXDle8PwdasOqmz1s6gPPStLwr5', NULL, NULL, 2),
	(111, '-', '-', '-', 'https://drive.google.com/uc?id=1cz-McA_cUQGszDCX4Blkl2pfPBO6xarP', NULL, NULL, 2),
	(112, '-', '-', '-', 'https://drive.google.com/uc?id=1Bk18JvJ1lIyt-PGN3SB4vc0w3TR6Rb1d', NULL, NULL, 2),
	(113, '-', '-', '-', 'https://drive.google.com/uc?id=1huEAmaTwPI8bdUt1_cVMizQ3vRXA0PWb', NULL, NULL, 2),
	(114, 'จิตอึดอัด,Mentally Disturbed', 'มูฮัมหมัดนัสรี บินหะยีมามะ,Muhammatnasri Binhajimamat', '-', 'https://drive.google.com/uc?id=1dMSphwknWzRyYQAdVwP7hhSYyfdLPsn6', 'วาดเส้นด้วยความร้อนบนแผ่นไม้,Pyrography', '216x130 ซม.,216x130 cm', 1),
	(115, 'พื้นผิวธรรมชาติ,Natural Texture', 'จิรนันท์ จุลบท,Jiranan Julrabot', '-', 'https://drive.google.com/uc?id=1xcVf3VBjCWlwyzkCXEB5-vet8xqaH-2P', 'ปั๊มแม่พิมพ์ธรรมชาติ,Stamping', '250x240 ซม.,250x240 cm', 1),
	(116, 'พฤติกรรมนำสู่ความเปลี่ยนแปลง,Porcelain City', 'วงศธร ธนปฐมสินชัย,Wongsatorn Tanapathomsinchai', '-', 'https://drive.google.com/uc?id=16OHSyOwz6I06ffzkblJPx9YQkCLoue3l', 'ภาพพิมพ์โลหะ,Etching', '174x72.5 ซม.,174x72.5 cm', 1),
	(117, 'ชีวิตในธรรมชาติ(โกสุมพิสัย มหาสารคาม 2564),A Life in Natature (Kosumpisai, Mahasarakham 2021)', 'สุรศักดิ์ สอนเสนา,Surasak Sornsena', '-', 'https://drive.google.com/uc?id=1kYFTrC8thHhZDOR6lyxKaucDgHpUFewz', 'ภาพพิมพ์แกะไม้,Woodcut', '134x229 ซม.,134x229 cm', 1),
	(118, 'บทกวี ดั่งไฟ ชำระล้าง เกิดใหม่,Poetry, Fire, Purge and Reborn', 'ปาลฉัตร ยอดมณี,Panchat Yodmanee', '-', 'https://drive.google.com/uc?id=1J_uhMHe5iTFknLhoYCS7N20rKERosy7S', 'สีอะครีลิคบนผ้าลินิน และสื่อผสม(ดินสอขาว วัสดุหนังยางสีแดง ปีกผีเสื้อ และภาพถ่ายบนกระดาษ),Arcylic on linen and mixed media (pencil, rubber band, wing of butterfly and photography)', '155x260 ซม.,155x260 cm', 1),
	(119, 'วัฎฎะ (น่าสงสาร) 2021,Cycle (Pity) 2021', 'สุรพงษ์ สมสุข,Surapong Somsuk', '-', 'https://drive.google.com/uc?id=1-LE9E7wb-TJ_lETsLkgeUXLFbAMqkckz', 'ภาพพิมพ์วัสดุปะติด และภาพพิมพ์โลหะ,Collography and etching', '150x110 ซม.,150x110 cm', 1),
	(120, 'ชีวิตบนเรือ หมายเลข 5,Life on Boat No.5', 'จาฏุพัจน์ ปุยเจริญ,Jatupat Puychareon', '-', 'https://drive.google.com/uc?id=1YlZEBDnRnsCI0APLcpQKKpawNiNVJslt', 'ภาพพิมพ์แกะไม้,Woodcut', '121.5x170 ซม.,121.5x170 cm', 1),
	(121, 'พันธจองจำจิต หมายเลข 9,Bondage of the Mind No.9', 'ภานุวัฒน์ สิทธิโชค,Panuwat Sitheechock', '-', 'https://drive.google.com/uc?id=1rM2JGF6oqQ3XikSNH11vnqmbQ1DXzMW6', 'แกะสลักบนไม้และหมึกพิมพ์,Wood carving and ink', '218x245 ซม.,218x245 cm', 1),
	(122, 'ส่งเพื่อนสาวไปสววรค์,Farewell My Friend', 'ธนพล ดาทุมมา,Thanapon Dathumma', '-', 'https://drive.google.com/uc?id=1sLXuG367Tyy_8v03qr4MzBAvY0IXBfUC', 'เย็บปักเส้นด้าย ผ้า และวัสดุผสม,Embroidery and mixed media', '226x259 ซม.,226x259 cm', 1),
	(123, 'พื้นที่ความสงบ,Sanctuary inside the Soul', 'ประวีณ เปียงชมภู,Praween Piangchoompu', '-', 'https://drive.google.com/uc?id=1zgGUoGmgDD1wnQcKmFQBzpoMUr2SG1NS', 'ภาพพิมพ์แกะไม้,Woodcut', '109x130 ซม.,109x130 cm', 1),
	(124, 'บรรยากาศของสีแห่งความศรัทธาในดินแดนล้านนา หมายเลข 4,Atmosphere of Color of Faith in Lanna Territory No.4', 'พงศ์ศิริ คิดดี,Pongsiri Kiddee', '-', 'https://drive.google.com/uc?id=1kdXJ_IOs1H3PfkOHxPAJvRDGr20BRbyW', 'ภาพพิมพ์ตะแกรงไหมบนกระดาษ,Silkscreen on paper', '127x205 ซม.,127x205 cm', 1),
	(125, 'ที่พำนักแห่งจิต หมายเลข 2,The Residence of Mind No.2', 'นิตยา เหิรเมฆ,Nittaya Hernmek', '-', 'https://drive.google.com/uc?id=1cQcnuGnTjTO4EFAzHVAlnGEd3spQxNxn', 'ภาพพิมพ์แกะไม้,Woodcut', '184x133 ซม.,184x133 cm', 1),
	(126, 'ยามฝัน นิรันดร์,Eternal Dream', 'ลดากร พวงบุปผา,Ladakorn Puangbubpha', '-', 'https://drive.google.com/uc?id=1Mx26zisUp43A2thvSRIEJud50N1xWZUT', 'ภาพพิมพ์ร่องลึก,Intaglio', '134x174 ซม.,134x174 cm', 1),
	(127, 'สัมพันธภาพของชีวิต,Relationship of Life', 'เทพพงษ์ หงษ์ศรีเมือง,Teppong Hongsrimuang', '-', 'https://drive.google.com/uc?id=1QnsDzjAHheReUFpmQcWKlGwqSd53BzGd', 'ภาพพิมพ์แกะไม้,Woodcut', '127.5x187 ซม.,127.5x187 cm', 1),
	(128, 'แสงแห่งพลังชีวิต หมายเลข 4,The Linght of Life Power No.4', 'สุวิชา พึ่งเกตุ,Suvicha Phungkate', '-', 'https://drive.google.com/uc?id=142JCNeS1plZK3zKo8b0C3WNaRoC_95q5', 'จิตรกรรมดิจิทัลผสม ชาโคล และสีอะครีลิค,Digital painting, charcoal and acrylic', '129x255.5 ซม.,129x255.5 cm', 1),
	(129, 'ภาพพระบฎ 2022,Thangka of Thailand 2022', 'ธมลวรรณ แสงนาค,Thamonwan Sangnak', '-', 'https://drive.google.com/uc?id=1qer50402l2KVSrzd3ioE9gRev6msLR1J', 'ภาพพิมพ์ตะแกรงไหมและวัสดุผสม,Silkscreen and mixed objects', '159x246.5 ซม.,159x246.5 cm', 1),
	(130, 'ไพลิน,Phailin', 'สิรวิชญ์ เกตุดิษฐ,Sirawit Ketdit', '-', 'https://drive.google.com/uc?id=1mXzM-YxZrr2UAbXBALGkGS1KHaTH9WdG', 'สีน้ำมัน และสีอะครีลิคบนผ้าลินินผสมคอตตอน,Oil and acrylic on linen and cotton', '173.5x237.5 ซม.,173.5x237.5 cm', 1),
	(131, 'สุนทรียะเพศทางเลือก หมายเลข 7,Gender Me No.7', 'ธีรวัฒร์ มิควาฬ,Theerawat Mikhawan', '-', 'https://drive.google.com/uc?id=1VdUZQN2zyTjQFGFPP3AsYRFAaSELmZer', 'ภาพพิมพ์เทคนิคผสม,Mixed technique', '157x125 ซม.,157x125 cm', 1),
	(132, 'องค์ประกอบของความสุข หมายเลข 2,Composition of Happiness No.2', 'กรณิศ พ่วงพันสี,Konranit Phuangpansee', '-', 'https://drive.google.com/uc?id=1V1N4CxQMkfe5P0_qeCSkSxHVM5eqeM9P', 'จิตรกรรมผสม,Mixed painting', '150x200 ซม.,150x200 cm', 1),
	(133, 'มิติแห่งวัฒนธรรม,Ciltural Dimension', 'ศักชัย อุทธิโท,Sakchai Uttitho', '-', 'https://drive.google.com/uc?id=1CZiXlzfMX4UUJd1SxGUXPs1vCO_C8-z0', 'สีน้ำมันบนผ้าใบ,Oil on canvas', '180x250 ซม.,180x250 cm', 1),
	(134, 'มิติความดีงามของอารยธรรมแห่งบรรพชน,The Dignity of the Ancestor\'s Civilization', 'ศักชัย อุทธิโท,Sakchai Uttitho', '-', 'https://drive.google.com/uc?id=13ufUojwKN-R_mYbn0trJc4eQDjeyCjd8', 'สีน้ำมัน,Oil color', '200x258 ซม,200x258 cm', 1),
	(135, 'หวาย,Dendrobium Purpureum', 'บุญมี แสงขำ,Boonmee Sangkhum', '-', 'https://drive.google.com/uc?id=1dFADl6i2iwPqp50M7d89s2rT6FWh8VUP', 'ภาพพิมพ์เมซโซทินท์,Mezzotint', '123x173 ซม.,123x173 cm', 1),
	(136, 'เธมิสโตคลีส,Themistocles', 'วารี แสงสุวอ,Wari Saengsuwo', '-', 'https://drive.google.com/uc?id=1Vh635s4zOVC6uexpR_Lo5Y40vteSgvFt', 'ภาพพิมพ์สื่อผสม,Mixed printmaking', '164x100 ซม.,164x100 cm', 1),
	(137, 'มา นยเหตุ,Extrapolate', 'วัชรพงษ์ ขุนอาจ,Watcharapong Khunart', '-', 'https://drive.google.com/uc?id=1QPxwJKFYdoUgBrYh5xOn8yJb3aXQWxxQ', 'สีน้ำมันบนผ้าใบ,Oil on canvas', '153x193 ซม.,153x193 cm', 1),
	(138, 'โลกคู่ขนาน,Parallel World', 'อัครพล พิพัฒโภคผล,Akaraphon Pipatpokapol', '-', 'https://drive.google.com/uc?id=1PCHElBFwMI_8dpy-1wcCQNX9CUo6Tj1l', 'สีอะครีลิค,Acrylic', '119.5x240 ซม.,119.5x240 cm', 1),
	(139, 'Sky and Trees...,Sky and Trees…', 'นันทพร เทียรทอง,Nantaporn Thianthong', '-', 'https://drive.google.com/uc?id=1a_CQbDQt6m-eNT5XDQjwlSC2EcUjwrKT', 'ปากกาเคมี สีอะครีลิค และการเย็บ,Chemical pen,acrylic and embroidery', '195x171 ซม.,195x171 cm', 1),
	(140, 'จิตรโลโนโย่ หมายเข 2,Jittanoloyo No.2', 'เจษฎา กิรติเสวี,Jesada Kiratisehwee', '-', 'https://drive.google.com/uc?id=1YyGuH-6Yx-eVmeRSeSksGTA-gnLRcksU', 'สีหมึกพิมพ์บนผ้าใบ และนีออนเฟล็กบนอะครีลิค,Ink on canvas and neon flex on acrylic', '83.5x223.5x10 ซม.,83.5x223.5x10 cm', 1),
	(141, 'เคยชินในความโดดเดี่ยว,Used to It', 'ณัฐกาญจน์ วาจาสัตย์,Nattakarn Vajasut', '-', 'https://drive.google.com/uc?id=1nq1ORG3Z6md27eFxkUODcYrZHWU5oRw6', 'ภาพพิมพ์หิน,Lithography', '124x94 ซม.,124x94 cm', 1),
	(142, 'ความอุดมสมบูรณ์ในชนบทอีสาน,Abundance in the Isan Countryside', 'ผดุงศักดิ์ บุญสาร,Phadoongsak Boonsarn', '-', 'https://drive.google.com/uc?id=1i2Tl1rLqq4f4YtKTXbVjBRLkfq9bVEXI', 'สีอะครีลิคบนผ้าใบ,Acrylic on canvas', '130x150 ซม.,130x150 cm', 1),
	(143, 'We\'re in the Same Boat,We\'re in the Same Boat', 'อำนาจ คงวารี,Amnat Kongwaree', '-', 'https://drive.google.com/uc?id=1vMRnhxjrpvCkxGqaZFnN3L1uyPJOLd8_', 'ภาพพิมพ์หิน,Lithography', '130x100 ซม.,130x100 cm', 1),
	(144, 'แผ่นดินแห่งความสุข,Land of Happiness', 'เรืองฤทธิ์ สร่องศรี,Roungrit Songsri', '-', 'https://drive.google.com/uc?id=1t6nVWnTHaywPLKO2Tr2IzD3go7fXSnH2', 'จิตรกรรมผสม,Mixed painting', '206x254 ซม.,206x254 cm', 1),
	(145, 'แผ่นดินแห่งความสุข,Land of Happiness', 'เรืองฤทธิ์ สร่องศรี,Roungrit Songsri', '-', 'https://drive.google.com/uc?id=1-X0dKO6oB--THeKyYNHlXk7GkSVlzmKD', 'จิตรกรรมผสม,Mixed painting', '206x254 ซม.,206x254 cm', 1),
	(146, 'แผ่นดินแห่งความสุข,Land of Happiness', 'เรืองฤทธิ์ สร่องศรี,Roungrit Songsri', '-', 'https://drive.google.com/uc?id=1v5rxJ_XbmiVKd9QE9rAjgoXWaEV8O5mG', 'จิตรกรรมผสม,Mixed painting', '206x254 ซม.,206x254 cm', 1),
	(147, 'แผ่นดินแห่งความสุข,Land of Happiness', 'เรืองฤทธิ์ สร่องศรี,Roungrit Songsri', '-', 'https://drive.google.com/uc?id=1ccT6Ilk8R7V-EDYGLstw1Rw4Con1XrHv', 'จิตรกรรมผสม,Mixed painting', '206x254 ซม.,206x254 cm', 1),
	(148, 'เมื่อฉันยังเด็กกับพื้นที่ในจินตนาการของฉัน,When I was Young with My Imaginary Space', 'ชวิศ ศรีสวัสดิ์,Chawit Srisawat', '-', 'https://drive.google.com/uc?id=1esQRJqRvu_dbVsXEnp1kZiZ5KDcsqIWW', 'ภาพพิมพ์โลหะ,Etching', '97.5x126 ซม.,97.5x126 cm', 1),
	(149, 'ผสานร่วมกัน,Merge Together', 'ธิญาวดี จันทวงศ์,Thiyawadee Jantawong', '-', 'https://drive.google.com/uc?id=1sBqbRF_gsFDl_mbnqAnGVmhAXai545ni', 'ภาพพิมพ์โลหะ,Etching', '85x106 ซม.,85x106 cm', 1),
	(150, 'The Narrow Space of Vastness No.2,The Narrow Space of Vastness No.2', 'อภิรัฐ ฤกษ์ดี,Apirat Rerkdee', '-', 'https://drive.google.com/uc?id=1-Y2LonymZuAB98-RBooYlS1YrC-cyBfj', 'Screenprint,Screenprint', '78x116 ซม.,78x116 cm', 1),
	(151, 'ก่อนตะวันลาลับ,Before Sunset', 'ชยสิทธ์ ออไอศุรย์,Chayasit Orisoon', '-', 'https://drive.google.com/uc?id=1H1W9uRO-XnbpatXhuASl57xzevSOjnTg', 'ภาพพิมพ์แกะไม้,Woodcut', '106.5x86 ซม.,106.5x86 cm', 1),
	(152, 'ชีวิตที่ไม่มีชีวิต,Life without Life', 'ณัฐธิดา มณีทอน,Nuttida Maneethone', '-', 'https://drive.google.com/uc?id=1cDY4cxswViDcWgaphI8Akj7UfCVdmod8', 'สีน้ำมันบนผ้าใบ,Oil on canvas', '123x151 ซม.,123x151 cm', 1),
	(153, 'สม<มุด>ว่า? โนสอง,What If? N0.2', 'ปฏิภาณ มีสมบูรณ์,Patipan Meesomboon', '-', 'https://drive.google.com/uc?id=1MCYJHLP8PUqoeQ-r8ncJwR8a4FSkTcgM', 'สีอะครีลิคบนผ้าใบ,Acrylic on canvas', '150x200 ซม.,150x200 cm', 1),
	(154, 'ในน้ำมีปลา หมายเลข 2,There are Fish in the Water No.2', 'ชนิยา มณีนวล,Chaniya Maneenual', '-', 'https://drive.google.com/uc?id=1smpmpfo9ahuf_ucgfwUILir6WGFimf8T', 'Screenprint,Screenprint', '112.5x145 ซม.,112.5x145 cm', 1),
	(156, 'Test', 'gaga', 'Room', 'no_1.jpg', 'area', 'pop', 2);

-- Dumping structure for table project.user
CREATE TABLE IF NOT EXISTS `user` (
  `user_id` int(11) NOT NULL AUTO_INCREMENT,
  `user_name` varchar(1000) NOT NULL,
  `user_password` varchar(1000) NOT NULL,
  PRIMARY KEY (`user_id`)
) ENGINE=InnoDB AUTO_INCREMENT=2 DEFAULT CHARSET=utf8mb4 COLLATE=utf8mb4_general_ci;

-- Dumping data for table project.user: ~0 rows (approximately)
INSERT INTO `user` (`user_id`, `user_name`, `user_password`) VALUES
	(1, 'Kanokphon', '1234567');

/*!40103 SET TIME_ZONE=IFNULL(@OLD_TIME_ZONE, 'system') */;
/*!40101 SET SQL_MODE=IFNULL(@OLD_SQL_MODE, '') */;
/*!40014 SET FOREIGN_KEY_CHECKS=IFNULL(@OLD_FOREIGN_KEY_CHECKS, 1) */;
/*!40101 SET CHARACTER_SET_CLIENT=@OLD_CHARACTER_SET_CLIENT */;
/*!40111 SET SQL_NOTES=IFNULL(@OLD_SQL_NOTES, 1) */;
